"old_path","proposed_new_path","type","decision"
"/spaces","/","Homepage","Review original introduction or redirect"
"/spaces/products/hume-mini-reed-diffuser-50ml","/equipment/hume-mini-reed-diffuser-50ml","Product","Proposed equivalent"
"/spaces/products/hume-commercial-scent-machine-pro","/equipment/hume-commercial-scent-machine-pro","Product","Proposed equivalent"
"/spaces/products/hume-pro-commercial-tower","/equipment/hume-pro-commercial-tower","Product","Proposed equivalent"
"/spaces/products/hume-hvac-scenting-system","/equipment/hume-hvac-scenting-system","Product","Proposed equivalent"
"/spaces/home","","Collection / industry / service","No direct equivalent; editorial review required"
"/spaces/reed-diffusers","/equipment/hume-mini-reed-diffuser-50ml","Collection / industry / service","Proposed equivalent; review relevance"
"/spaces/room-fresheners","","Collection / industry / service","No direct equivalent; editorial review required"
"/spaces/scent-machines","/equipment","Collection / industry / service","Proposed equivalent; review relevance"
"/spaces/fragrance-oils","/fragrance-oils","Collection / industry / service","Proposed equivalent; review relevance"
"/spaces/for-business","/consultation","Collection / industry / service","Proposed equivalent; review relevance"
"/spaces/signature-scent-studio","","Collection / industry / service","No direct equivalent; editorial review required"
"/spaces/luxury-homes","","Collection / industry / service","No direct equivalent; editorial review required"
"/spaces/hotels","/industries/hotels","Collection / industry / service","Proposed equivalent; review relevance"
"/spaces/resorts","","Collection / industry / service","No direct equivalent; editorial review required"
"/spaces/gyms","/industries/gyms","Collection / industry / service","Proposed equivalent; review relevance"
"/spaces/rooms","","Collection / industry / service","No direct equivalent; editorial review required"
"/spaces/bathrooms","","Collection / industry / service","No direct equivalent; editorial review required"
"/spaces/receptions","/industries/offices","Collection / industry / service","Proposed equivalent; review relevance"
"/spaces/hvac-integration","/equipment/hume-hvac-scenting-system","Collection / industry / service","Proposed equivalent; review relevance"
"/spaces/corporate-offices","/industries/offices","Collection / industry / service","Proposed equivalent; review relevance"
"/spaces/retail-stores","/industries/retail","Collection / industry / service","Proposed equivalent; review relevance"
"/spaces/restaurants","","Collection / industry / service","No direct equivalent; editorial review required"
"/spaces/spas-and-salons","/industries/spas","Collection / industry / service","Proposed equivalent; review relevance"
"/spaces/real-estate","","Collection / industry / service","No direct equivalent; editorial review required"
"/spaces/events","","Collection / industry / service","No direct equivalent; editorial review required"
"/spaces/interior-designers","","Collection / industry / service","No direct equivalent; editorial review required"
"/spaces/selector","/selector","Selector","Proposed equivalent"
"/spaces/commercial-fragrance-for-hotels","/guides/fragrance-and-compatibility","Guide / SEO","Topic consolidation proposal; review intent before redirect"
"/spaces/hotel-scenting-solutions","/guides/fragrance-and-compatibility","Guide / SEO","Topic consolidation proposal; review intent before redirect"
"/spaces/hotel-lobby-fragrance","/guides/fragrance-and-compatibility","Guide / SEO","Topic consolidation proposal; review intent before redirect"
"/spaces/hotel-fragrance-diffuser","/guides/fragrance-and-compatibility","Guide / SEO","Topic consolidation proposal; review intent before redirect"
"/spaces/best-fragrance-for-hotel-lobby","/guides/fragrance-and-compatibility","Guide / SEO","Topic consolidation proposal; review intent before redirect"
"/spaces/hotel-scent-marketing","/guides/fragrance-and-compatibility","Guide / SEO","Topic consolidation proposal; review intent before redirect"
"/spaces/resort-scenting-solutions","/guides/fragrance-and-compatibility","Guide / SEO","Topic consolidation proposal; review intent before redirect"
"/spaces/resort-lobby-fragrance","/guides/fragrance-and-compatibility","Guide / SEO","Topic consolidation proposal; review intent before redirect"
"/spaces/signature-scent-for-hotels","/guides/fragrance-and-compatibility","Guide / SEO","Topic consolidation proposal; review intent before redirect"
"/spaces/how-to-make-a-hotel-smell-luxurious","/guides/fragrance-and-compatibility","Guide / SEO","Topic consolidation proposal; review intent before redirect"
"/spaces/gym-fragrance-diffuser","/guides/fragrance-and-compatibility","Guide / SEO","Topic consolidation proposal; review intent before redirect"
"/spaces/best-fragrance-for-gym","/guides/fragrance-and-compatibility","Guide / SEO","Topic consolidation proposal; review intent before redirect"
"/spaces/gym-scenting-machine","/guides/fragrance-and-compatibility","Guide / SEO","Topic consolidation proposal; review intent before redirect"
"/spaces/commercial-diffuser-for-gym","/guides/choosing-a-scent-machine","Guide / SEO","Topic consolidation proposal; review intent before redirect"
"/spaces/how-to-make-a-gym-smell-good","/guides/fragrance-and-compatibility","Guide / SEO","Topic consolidation proposal; review intent before redirect"
"/spaces/fragrance-machine-for-2000-sq-ft-gym","/guides/fragrance-and-compatibility","Guide / SEO","Topic consolidation proposal; review intent before redirect"
"/spaces/gym-air-freshener-commercial","/guides/choosing-a-scent-machine","Guide / SEO","Topic consolidation proposal; review intent before redirect"
"/spaces/best-scent-for-fitness-center","/guides/fragrance-and-compatibility","Guide / SEO","Topic consolidation proposal; review intent before redirect"
"/spaces/office-fragrance-machine","/guides/fragrance-and-compatibility","Guide / SEO","Topic consolidation proposal; review intent before redirect"
"/spaces/commercial-scenting-for-offices","/guides/fragrance-and-compatibility","Guide / SEO","Topic consolidation proposal; review intent before redirect"
"/spaces/office-scenting-solutions","/guides/fragrance-and-compatibility","Guide / SEO","Topic consolidation proposal; review intent before redirect"
"/spaces/best-fragrance-for-office-reception","/guides/fragrance-and-compatibility","Guide / SEO","Topic consolidation proposal; review intent before redirect"
"/spaces/office-lobby-fragrance","/guides/fragrance-and-compatibility","Guide / SEO","Topic consolidation proposal; review intent before redirect"
"/spaces/commercial-air-freshener-for-office","/guides/choosing-a-scent-machine","Guide / SEO","Topic consolidation proposal; review intent before redirect"
"/spaces/signature-scent-for-office","/guides/fragrance-and-compatibility","Guide / SEO","Topic consolidation proposal; review intent before redirect"
"/spaces/i-want-to-make-my-office-smell-good","/guides/fragrance-and-compatibility","Guide / SEO","Topic consolidation proposal; review intent before redirect"
"/spaces/how-to-make-my-whole-office-smell-good","/guides/fragrance-and-compatibility","Guide / SEO","Topic consolidation proposal; review intent before redirect"
"/spaces/luxury-fragrance-for-office","/guides/fragrance-and-compatibility","Guide / SEO","Topic consolidation proposal; review intent before redirect"
"/spaces/what-is-commercial-scenting","/guides/fragrance-and-compatibility","Guide / SEO","Topic consolidation proposal; review intent before redirect"
"/spaces/how-does-a-commercial-fragrance-diffuser-work","/guides/fragrance-and-compatibility","Guide / SEO","Topic consolidation proposal; review intent before redirect"
"/spaces/how-do-hotels-make-their-lobbies-smell-good","/guides/fragrance-and-compatibility","Guide / SEO","Topic consolidation proposal; review intent before redirect"
"/spaces/what-fragrance-diffuser-is-best-for-a-hotel","/guides/fragrance-and-compatibility","Guide / SEO","Topic consolidation proposal; review intent before redirect"
"/spaces/what-is-hvac-scenting","/guides/fragrance-and-compatibility","Guide / SEO","Topic consolidation proposal; review intent before redirect"
"/spaces/how-much-does-commercial-scenting-cost","/guides/equipment-and-oil-costs","Guide / SEO","Topic consolidation proposal; review intent before redirect"
"/spaces/how-often-does-a-commercial-diffuser-need-fragrance-oil","/guides/fragrance-and-compatibility","Guide / SEO","Topic consolidation proposal; review intent before redirect"
"/spaces/what-is-the-best-diffuser-for-a-2000-sq-ft-space","/guides/choosing-a-scent-machine","Guide / SEO","Topic consolidation proposal; review intent before redirect"
"/spaces/what-fragrance-is-best-for-a-gym","/guides/fragrance-and-compatibility","Guide / SEO","Topic consolidation proposal; review intent before redirect"
"/spaces/what-is-the-difference-between-a-water-diffuser-and-an-oil-diffuser","/guides/choosing-a-scent-machine","Guide / SEO","Topic consolidation proposal; review intent before redirect"
"/spaces/how-do-businesses-create-a-signature-scent","/guides/fragrance-and-compatibility","Guide / SEO","Topic consolidation proposal; review intent before redirect"
"/spaces/is-scent-marketing-effective-for-businesses","/guides/fragrance-and-compatibility","Guide / SEO","Topic consolidation proposal; review intent before redirect"